index,lang_id
1,tsn
2,xho
3,ven
4,nbl
5,afr
6,nso
7,afr
8,sot
9,zul
10,afr
11,nso
12,tso
13,tsn
14,sot
15,tso
16,nbl
17,nbl
18,nbl
19,afr
20,ven
21,afr
22,ven
23,zul
24,afr
25,nso
26,zul
27,nso
28,afr
29,nso
30,tso
31,xho
32,zul
33,sot
34,tsn
35,zul
36,afr
37,nso
38,xho
39,sot
40,eng
41,xho
42,ssw
43,ven
44,xho
45,eng
46,ven
47,nbl
48,ven
49,tsn
50,xho
51,sot
52,nbl
53,sot
54,sot
55,xho
56,ven
57,zul
58,tsn
59,nbl
60,sot
61,afr
62,tso
63,afr
64,xho
65,xho
66,nbl
67,sot
68,nso
69,tsn
70,xho
71,tsn
72,tso
73,xho
74,nso
75,afr
76,ven
77,xho
78,tso
79,xho
80,tso
81,tsn
82,sot
83,xho
84,tsn
85,nbl
86,tsn
87,sot
88,ven
89,tso
90,tsn
91,xho
92,xho
93,zul
94,sot
95,sot
96,nso
97,afr
98,nbl
99,ven
100,nbl
101,afr
102,ven
103,nso
104,ven
105,ven
106,ven
107,sot
108,nso
109,sot
110,sot
111,zul
112,xho
113,xho
114,tso
115,xho
116,sot
117,afr
118,nso
119,eng
120,afr
121,sot
122,eng
123,xho
124,tso
125,nso
126,afr
127,ven
128,ven
129,tso
130,tsn
131,tso
132,ven
133,xho
134,sot
135,sot
136,ssw
137,xho
138,sot
139,nbl
140,afr
141,sot
142,eng
143,nbl
144,nso
145,nbl
146,tso
147,tsn
148,sot
149,nbl
150,eng
151,nso
152,nbl
153,zul
154,tsn
155,ssw
156,ven
157,tsn
158,tsn
159,eng
160,sot
161,zul
162,tso
163,nso
164,xho
165,afr
166,sot
167,afr
168,xho
169,eng
170,xho
171,nbl
172,tsn
173,tsn
174,afr
175,ven
176,tsn
177,afr
178,zul
179,tso
180,zul
181,tso
182,nso
183,nbl
184,xho
185,sot
186,sot
187,zul
188,xho
189,xho
190,nbl
191,nbl
192,tso
193,sot
194,afr
195,zul
196,xho
197,sot
198,nbl
199,nbl
200,afr
201,tsn
202,afr
203,xho
204,ven
205,nbl
206,afr
207,xho
208,ven
209,nso
210,ssw
211,zul
212,tso
213,afr
214,xho
215,ven
216,afr
217,afr
218,tso
219,afr
220,eng
221,tso
222,ven
223,afr
224,eng
225,eng
226,tsn
227,nso
228,eng
229,sot
230,nso
231,sot
232,ven
233,ven
234,sot
235,xho
236,zul
237,sot
238,tso
239,sot
240,nso
241,afr
242,afr
243,nbl
244,zul
245,nbl
246,nso
247,nso
248,nso
249,xho
250,zul
251,xho
252,sot
253,sot
254,afr
255,zul
256,zul
257,nso
258,tsn
259,eng
260,tsn
261,zul
262,nbl
263,zul
264,sot
265,ven
266,xho
267,ven
268,nbl
269,xho
270,afr
271,nso
272,afr
273,ssw
274,nso
275,afr
276,sot
277,sot
278,sot
279,sot
280,nbl
281,zul
282,nso
283,zul
284,nbl
285,eng
286,xho
287,nso
288,nbl
289,xho
290,sot
291,tsn
292,tsn
293,tso
294,nso
295,zul
296,xho
297,tsn
298,nbl
299,zul
300,sot
301,nbl
302,afr
303,xho
304,tso
305,nso
306,eng
307,nso
308,sot
309,ven
310,zul
311,nbl
312,zul
313,tso
314,zul
315,afr
316,nso
317,afr
318,tsn
319,tso
320,ven
321,nbl
322,xho
323,sot
324,nso
325,zul
326,afr
327,xho
328,tsn
329,ven
330,afr
331,zul
332,nbl
333,nbl
334,tso
335,sot
336,afr
337,afr
338,ven
339,tso
340,sot
341,nso
342,ven
343,ssw
344,ven
345,nbl
346,tsn
347,tso
348,tso
349,zul
350,afr
351,zul
352,eng
353,nso
354,nso
355,xho
356,nbl
357,ven
358,nso
359,tsn
360,zul
361,afr
362,xho
363,sot
364,tso
365,tso
366,nbl
367,zul
368,xho
369,eng
370,afr
371,tsn
372,afr
373,ven
374,xho
375,ven
376,nso
377,nso
378,zul
379,nso
380,tsn
381,tso
382,tsn
383,sot
384,ssw
385,afr
386,tsn
387,afr
388,sot
389,xho
390,sot
391,nso
392,afr
393,tsn
394,nso
395,nbl
396,nso
397,nbl
398,sot
399,afr
400,nbl
401,sot
402,tso
403,nso
404,tsn
405,eng
406,nso
407,eng
408,xho
409,sot
410,zul
411,nbl
412,tsn
413,tsn
414,tsn
415,sot
416,nso
417,zul
418,tso
419,tso
420,tso
421,nbl
422,tso
423,ven
424,xho
425,ven
426,afr
427,sot
428,zul
429,zul
430,xho
431,nso
432,nbl
433,tsn
434,sot
435,afr
436,ven
437,afr
438,zul
439,nbl
440,ven
441,nso
442,xho
443,sot
444,xho
445,xho
446,ssw
447,tso
448,nbl
449,tsn
450,zul
451,nbl
452,nbl
453,ven
454,eng
455,sot
456,ven
457,afr
458,eng
459,sot
460,ssw
461,ven
462,afr
463,nbl
464,sot
465,ven
466,xho
467,tso
468,nbl
469,zul
470,xho
471,eng
472,zul
473,afr
474,afr
475,nso
476,ven
477,xho
478,nso
479,sot
480,tso
481,zul
482,tso
483,afr
484,nbl
485,nso
486,nbl
487,eng
488,ven
489,tsn
490,nso
491,nso
492,tsn
493,tso
494,ven
495,nso
496,ven
497,ven
498,ven
499,zul
500,ven
501,zul
502,tsn
503,ven
504,tsn
505,nso
506,afr
507,tso
508,sot
509,afr
510,afr
511,afr
512,nbl
513,eng
514,afr
515,afr
516,tsn
517,eng
518,nso
519,tso
520,ven
521,zul
522,nbl
523,sot
524,tsn
525,afr
526,ven
527,xho
528,xho
529,sot
530,sot
531,nso
532,afr
533,tsn
534,tsn
535,tsn
536,tso
537,tsn
538,xho
539,ven
540,ssw
541,xho
542,zul
543,tso
544,nbl
545,ssw
546,tso
547,xho
548,eng
549,nso
550,sot
551,nso
552,eng
553,xho
554,zul
555,ven
556,afr
557,sot
558,ven
559,afr
560,nbl
561,tsn
562,xho
563,afr
564,xho
565,afr
566,xho
567,nbl
568,tso
569,afr
570,afr
571,afr
572,tsn
573,sot
574,nbl
575,sot
576,nbl
577,xho
578,nbl
579,afr
580,ven
581,xho
582,sot
583,zul
584,ven
585,afr
586,ven
587,eng
588,eng
589,afr
590,afr
591,xho
592,sot
593,ven
594,afr
595,nso
596,eng
597,ssw
598,ven
599,ven
600,afr
601,xho
602,afr
603,nso
604,tsn
605,tso
606,ven
607,nso
608,afr
609,eng
610,ven
611,tsn
612,sot
613,nbl
614,xho
615,afr
616,tso
617,tsn
618,tsn
619,nbl
620,tso
621,tso
622,zul
623,xho
624,xho
625,tsn
626,xho
627,zul
628,ven
629,ven
630,zul
631,tsn
632,zul
633,tsn
634,sot
635,afr
636,nbl
637,nbl
638,eng
639,sot
640,sot
641,ven
642,tso
643,tsn
644,tso
645,tsn
646,afr
647,zul
648,nbl
649,tso
650,sot
651,afr
652,nbl
653,zul
654,tsn
655,ven
656,afr
657,sot
658,sot
659,sot
660,xho
661,xho
662,afr
663,tsn
664,tso
665,ven
666,zul
667,sot
668,xho
669,sot
670,zul
671,nso
672,afr
673,tso
674,nso
675,xho
676,zul
677,afr
678,afr
679,afr
680,nso
681,tso
682,xho
683,zul
684,ssw
685,sot
686,zul
687,nbl
688,nbl
689,nso
690,nbl
691,eng
692,afr
693,eng
694,afr
695,afr
696,zul
697,tso
698,nso
699,sot
700,tsn
701,sot
702,tso
703,afr
704,xho
705,sot
706,tso
707,xho
708,nso
709,sot
710,nso
711,sot
712,tsn
713,nbl
714,tso
715,ven
716,sot
717,tso
718,tso
719,tso
720,eng
721,ven
722,afr
723,zul
724,sot
725,zul
726,nbl
727,nso
728,xho
729,sot
730,nbl
731,xho
732,sot
733,sot
734,tsn
735,eng
736,afr
737,nbl
738,eng
739,afr
740,tso
741,afr
742,sot
743,sot
744,nso
745,eng
746,nso
747,nbl
748,ven
749,ven
750,zul
751,ssw
752,afr
753,afr
754,nso
755,eng
756,nso
757,nbl
758,tso
759,tso
760,nbl
761,afr
762,tsn
763,nso
764,ven
765,xho
766,nso
767,nso
768,nso
769,sot
770,ven
771,eng
772,tsn
773,zul
774,afr
775,eng
776,tso
777,nso
778,tso
779,afr
780,tsn
781,xho
782,nbl
783,afr
784,nso
785,sot
786,afr
787,tso
788,nso
789,nso
790,tso
791,zul
792,xho
793,nso
794,tso
795,eng
796,xho
797,sot
798,xho
799,tsn
800,zul
801,afr
802,afr
803,nso
804,nso
805,nbl
806,tso
807,tsn
808,afr
809,zul
810,zul
811,eng
812,nso
813,ven
814,nbl
815,zul
816,nso
817,zul
818,tsn
819,afr
820,nbl
821,afr
822,sot
823,tsn
824,eng
825,nbl
826,sot
827,ven
828,nso
829,tsn
830,afr
831,tsn
832,nbl
833,xho
834,ssw
835,eng
836,sot
837,afr
838,afr
839,tsn
840,nso
841,eng
842,ven
843,eng
844,tsn
845,afr
846,ven
847,nbl
848,nbl
849,sot
850,sot
851,tsn
852,nbl
853,tso
854,tsn
855,ven
856,sot
857,afr
858,xho
859,nbl
860,afr
861,zul
862,tsn
863,ven
864,tso
865,xho
866,nbl
867,ssw
868,afr
869,tsn
870,zul
871,tsn
872,nbl
873,ven
874,tso
875,nso
876,sot
877,nbl
878,afr
879,zul
880,xho
881,afr
882,afr
883,ven
884,nso
885,xho
886,xho
887,ssw
888,nso
889,afr
890,afr
891,sot
892,tsn
893,tso
894,tsn
895,afr
896,sot
897,ven
898,xho
899,eng
900,sot
901,zul
902,ssw
903,xho
904,ssw
905,tsn
906,ven
907,xho
908,xho
909,nbl
910,ven
911,tso
912,sot
913,nbl
914,tsn
915,nso
916,tsn
917,ven
918,zul
919,tsn
920,zul
921,sot
922,afr
923,tsn
924,afr
925,sot
926,ven
927,sot
928,afr
929,afr
930,nso
931,ssw
932,tso
933,ven
934,sot
935,tso
936,xho
937,nbl
938,tsn
939,nso
940,tso
941,nbl
942,tsn
943,tso
944,afr
945,tsn
946,afr
947,ven
948,nso
949,sot
950,tsn
951,nbl
952,xho
953,sot
954,xho
955,eng
956,sot
957,xho
958,ssw
959,ven
960,nbl
961,nso
962,tso
963,ssw
964,tso
965,afr
966,tsn
967,afr
968,tso
969,tsn
970,zul
971,afr
972,ven
973,nso
974,nbl
975,sot
976,sot
977,tsn
978,nbl
979,tsn
980,nbl
981,tso
982,tso
983,afr
984,afr
985,nbl
986,nbl
987,ven
988,tso
989,afr
990,ven
991,nbl
992,xho
993,sot
994,ven
995,afr
996,ven
997,tsn
998,afr
999,tsn
1000,afr
1001,xho
1002,tso
1003,nso
1004,sot
1005,afr
1006,xho
1007,sot
1008,tso
1009,xho
1010,xho
1011,nbl
1012,tsn
1013,ven
1014,xho
1015,afr
1016,nso
1017,sot
1018,afr
1019,zul
1020,tso
1021,nso
1022,nso
1023,afr
1024,tso
1025,zul
1026,afr
1027,sot
1028,afr
1029,nbl
1030,xho
1031,nbl
1032,sot
1033,afr
1034,tso
1035,sot
1036,nso
1037,tso
1038,tsn
1039,nso
1040,afr
1041,tso
1042,afr
1043,ssw
1044,nso
1045,tso
1046,afr
1047,nbl
1048,eng
1049,sot
1050,nbl
1051,xho
1052,nso
1053,nso
1054,tsn
1055,tsn
1056,eng
1057,sot
1058,tsn
1059,sot
1060,tso
1061,eng
1062,sot
1063,sot
1064,nso
1065,tsn
1066,sot
1067,tso
1068,ssw
1069,xho
1070,tsn
1071,nso
1072,sot
1073,tso
1074,eng
1075,tsn
1076,sot
1077,nbl
1078,ven
1079,afr
1080,sot
1081,zul
1082,ven
1083,eng
1084,sot
1085,ven
1086,sot
1087,ven
1088,tsn
1089,nso
1090,ven
1091,tso
1092,nbl
1093,tso
1094,tso
1095,xho
1096,xho
1097,ven
1098,tso
1099,afr
1100,sot
1101,ven
1102,zul
1103,zul
1104,sot
1105,nso
1106,nso
1107,nso
1108,nso
1109,ven
1110,ven
1111,nbl
1112,nbl
1113,tso
1114,tso
1115,afr
1116,afr
1117,afr
1118,tso
1119,tsn
1120,ven
1121,nso
1122,sot
1123,nso
1124,afr
1125,tsn
1126,nbl
1127,ven
1128,tso
1129,afr
1130,tso
1131,sot
1132,afr
1133,nbl
1134,nbl
1135,zul
1136,sot
1137,eng
1138,xho
1139,tsn
1140,eng
1141,tso
1142,afr
1143,zul
1144,tso
1145,tso
1146,nbl
1147,ven
1148,sot
1149,nso
1150,afr
1151,ven
1152,nbl
1153,nso
1154,zul
1155,ven
1156,zul
1157,sot
1158,nso
1159,tso
1160,afr
1161,sot
1162,tso
1163,xho
1164,tso
1165,eng
1166,nbl
1167,xho
1168,nbl
1169,sot
1170,xho
1171,tsn
1172,tsn
1173,eng
1174,xho
1175,eng
1176,ssw
1177,afr
1178,xho
1179,eng
1180,xho
1181,ven
1182,nso
1183,nso
1184,nso
1185,nso
1186,afr
1187,ven
1188,sot
1189,nso
1190,nso
1191,nso
1192,ven
1193,eng
1194,nbl
1195,tsn
1196,afr
1197,zul
1198,sot
1199,xho
1200,xho
1201,ven
1202,tso
1203,tsn
1204,xho
1205,tsn
1206,afr
1207,nbl
1208,nso
1209,nso
1210,afr
1211,nso
1212,nso
1213,ven
1214,nso
1215,eng
1216,nbl
1217,afr
1218,nbl
1219,xho
1220,afr
1221,tso
1222,nso
1223,afr
1224,zul
1225,nbl
1226,zul
1227,ssw
1228,nbl
1229,eng
1230,nbl
1231,xho
1232,tsn
1233,ven
1234,tsn
1235,sot
1236,ven
1237,nbl
1238,eng
1239,xho
1240,sot
1241,nbl
1242,ven
1243,afr
1244,afr
1245,tsn
1246,sot
1247,eng
1248,sot
1249,afr
1250,tsn
1251,ssw
1252,xho
1253,nso
1254,ven
1255,tsn
1256,ven
1257,tsn
1258,sot
1259,xho
1260,ssw
1261,afr
1262,tsn
1263,tsn
1264,ssw
1265,afr
1266,zul
1267,tso
1268,nso
1269,nbl
1270,ven
1271,xho
1272,sot
1273,ven
1274,afr
1275,ssw
1276,eng
1277,xho
1278,xho
1279,eng
1280,tso
1281,nbl
1282,eng
1283,nbl
1284,ven
1285,afr
1286,tsn
1287,nso
1288,zul
1289,sot
1290,nbl
1291,afr
1292,afr
1293,xho
1294,ven
1295,afr
1296,tsn
1297,zul
1298,sot
1299,sot
1300,nso
1301,xho
1302,ssw
1303,eng
1304,ven
1305,sot
1306,nso
1307,afr
1308,nbl
1309,afr
1310,sot
1311,nso
1312,nbl
1313,nso
1314,xho
1315,tso
1316,nbl
1317,sot
1318,nbl
1319,sot
1320,sot
1321,afr
1322,nso
1323,afr
1324,ven
1325,sot
1326,afr
1327,afr
1328,tso
1329,sot
1330,xho
1331,tso
1332,xho
1333,tso
1334,ven
1335,nbl
1336,afr
1337,xho
1338,sot
1339,afr
1340,nso
1341,sot
1342,sot
1343,nso
1344,nso
1345,nso
1346,xho
1347,nso
1348,afr
1349,nso
1350,afr
1351,tso
1352,xho
1353,sot
1354,ven
1355,ven
1356,nbl
1357,xho
1358,sot
1359,zul
1360,xho
1361,xho
1362,nbl
1363,tsn
1364,afr
1365,sot
1366,ven
1367,nso
1368,tso
1369,tso
1370,nso
1371,eng
1372,ven
1373,xho
1374,xho
1375,afr
1376,ven
1377,xho
1378,eng
1379,sot
1380,nbl
1381,ven
1382,tsn
1383,zul
1384,tsn
1385,sot
1386,nbl
1387,ven
1388,ven
1389,tsn
1390,afr
1391,tso
1392,afr
1393,tso
1394,tso
1395,tsn
1396,ven
1397,ssw
1398,xho
1399,tsn
1400,nso
1401,nbl
1402,nso
1403,eng
1404,afr
1405,tsn
1406,tsn
1407,sot
1408,sot
1409,tso
1410,afr
1411,zul
1412,nso
1413,tso
1414,sot
1415,afr
1416,tso
1417,tsn
1418,tsn
1419,xho
1420,nso
1421,tsn
1422,tsn
1423,afr
1424,tsn
1425,ven
1426,nso
1427,tsn
1428,ven
1429,nso
1430,xho
1431,afr
1432,ven
1433,tso
1434,nso
1435,tso
1436,nbl
1437,xho
1438,tsn
1439,ven
1440,nso
1441,zul
1442,nbl
1443,nbl
1444,nso
1445,eng
1446,afr
1447,afr
1448,sot
1449,ven
1450,afr
1451,ven
1452,sot
1453,tsn
1454,nbl
1455,nso
1456,afr
1457,ssw
1458,ven
1459,afr
1460,xho
1461,xho
1462,afr
1463,xho
1464,tso
1465,eng
1466,sot
1467,afr
1468,tsn
1469,eng
1470,nbl
1471,xho
1472,afr
1473,xho
1474,tso
1475,xho
1476,sot
1477,nso
1478,ven
1479,nbl
1480,nbl
1481,afr
1482,afr
1483,afr
1484,afr
1485,sot
1486,sot
1487,tso
1488,zul
1489,afr
1490,afr
1491,nbl
1492,tsn
1493,nso
1494,nso
1495,ven
1496,xho
1497,sot
1498,afr
1499,eng
1500,ven
1501,eng
1502,xho
1503,ven
1504,nso
1505,nso
1506,ven
1507,nbl
1508,ven
1509,nso
1510,sot
1511,ven
1512,xho
1513,ven
1514,xho
1515,eng
1516,xho
1517,nbl
1518,nso
1519,ven
1520,sot
1521,tso
1522,sot
1523,ssw
1524,eng
1525,tso
1526,sot
1527,zul
1528,sot
1529,eng
1530,afr
1531,ssw
1532,nbl
1533,ssw
1534,afr
1535,ven
1536,xho
1537,nso
1538,afr
1539,tso
1540,sot
1541,ven
1542,nbl
1543,nbl
1544,xho
1545,tsn
1546,xho
1547,afr
1548,afr
1549,sot
1550,ven
1551,sot
1552,eng
1553,ven
1554,sot
1555,ven
1556,xho
1557,xho
1558,xho
1559,eng
1560,xho
1561,nbl
1562,sot
1563,ven
1564,sot
1565,ven
1566,xho
1567,tso
1568,ssw
1569,nso
1570,xho
1571,sot
1572,xho
1573,sot
1574,nbl
1575,ven
1576,afr
1577,xho
1578,sot
1579,ssw
1580,ssw
1581,eng
1582,nso
1583,afr
1584,xho
1585,tsn
1586,xho
1587,tsn
1588,zul
1589,zul
1590,sot
1591,eng
1592,nso
1593,tsn
1594,xho
1595,ssw
1596,ssw
1597,zul
1598,zul
1599,sot
1600,zul
1601,zul
1602,xho
1603,xho
1604,xho
1605,tsn
1606,ssw
1607,afr
1608,xho
1609,tsn
1610,xho
1611,ven
1612,ven
1613,nso
1614,nbl
1615,nso
1616,sot
1617,tso
1618,zul
1619,xho
1620,zul
1621,nso
1622,tso
1623,eng
1624,ven
1625,xho
1626,ssw
1627,xho
1628,ssw
1629,afr
1630,xho
1631,eng
1632,xho
1633,xho
1634,xho
1635,nbl
1636,xho
1637,ven
1638,zul
1639,sot
1640,afr
1641,nbl
1642,tso
1643,eng
1644,afr
1645,ven
1646,tso
1647,nso
1648,xho
1649,tsn
1650,nbl
1651,tso
1652,tsn
1653,xho
1654,nso
1655,ven
1656,tsn
1657,tso
1658,afr
1659,ssw
1660,nbl
1661,tso
1662,afr
1663,tsn
1664,sot
1665,nbl
1666,tsn
1667,afr
1668,xho
1669,nso
1670,sot
1671,afr
1672,xho
1673,nbl
1674,ven
1675,afr
1676,zul
1677,afr
1678,tsn
1679,afr
1680,nso
1681,tso
1682,sot
1683,afr
1684,ven
1685,sot
1686,sot
1687,ven
1688,nso
1689,afr
1690,nbl
1691,afr
1692,zul
1693,tso
1694,sot
1695,sot
1696,afr
1697,xho
1698,xho
1699,tso
1700,tsn
1701,xho
1702,ven
1703,zul
1704,tsn
1705,nso
1706,zul
1707,sot
1708,zul
1709,ssw
1710,afr
1711,ssw
1712,afr
1713,tsn
1714,xho
1715,ven
1716,afr
1717,tsn
1718,xho
1719,xho
1720,nso
1721,zul
1722,ven
1723,tsn
1724,ven
1725,nso
1726,ven
1727,nso
1728,zul
1729,ven
1730,nbl
1731,ven
1732,afr
1733,eng
1734,nbl
1735,nso
1736,nbl
1737,ven
1738,xho
1739,ven
1740,ven
1741,nbl
1742,zul
1743,zul
1744,sot
1745,sot
1746,ssw
1747,sot
1748,nbl
1749,tsn
1750,nso
1751,sot
1752,nbl
1753,tso
1754,afr
1755,tso
1756,ven
1757,ven
1758,tso
1759,afr
1760,nso
1761,tsn
1762,zul
1763,xho
1764,nso
1765,ssw
1766,afr
1767,afr
1768,nbl
1769,nbl
1770,zul
1771,sot
1772,sot
1773,ven
1774,zul
1775,ssw
1776,tso
1777,ven
1778,ven
1779,sot
1780,zul
1781,tso
1782,tso
1783,tsn
1784,nso
1785,tso
1786,xho
1787,ssw
1788,xho
1789,tsn
1790,sot
1791,ssw
1792,tsn
1793,tsn
1794,sot
1795,zul
1796,zul
1797,nso
1798,xho
1799,zul
1800,eng
1801,zul
1802,tso
1803,tsn
1804,sot
1805,sot
1806,xho
1807,ven
1808,tso
1809,nbl
1810,ven
1811,ven
1812,tsn
1813,xho
1814,ven
1815,sot
1816,tso
1817,xho
1818,tsn
1819,xho
1820,nbl
1821,afr
1822,tsn
1823,afr
1824,nso
1825,afr
1826,eng
1827,sot
1828,ssw
1829,tsn
1830,afr
1831,tso
1832,tso
1833,sot
1834,tsn
1835,zul
1836,nbl
1837,zul
1838,tsn
1839,afr
1840,ssw
1841,xho
1842,nso
1843,nbl
1844,afr
1845,zul
1846,sot
1847,nbl
1848,tsn
1849,nso
1850,eng
1851,nso
1852,nso
1853,afr
1854,nso
1855,sot
1856,afr
1857,afr
1858,nso
1859,nso
1860,sot
1861,nbl
1862,zul
1863,ssw
1864,nbl
1865,eng
1866,ven
1867,nbl
1868,zul
1869,nbl
1870,ssw
1871,xho
1872,sot
1873,zul
1874,ven
1875,ven
1876,tsn
1877,ven
1878,afr
1879,xho
1880,tsn
1881,sot
1882,ven
1883,nso
1884,ven
1885,xho
1886,afr
1887,sot
1888,nso
1889,sot
1890,ven
1891,zul
1892,eng
1893,nbl
1894,zul
1895,afr
1896,ssw
1897,sot
1898,ven
1899,nso
1900,sot
1901,nbl
1902,ven
1903,tso
1904,nso
1905,afr
1906,tsn
1907,tsn
1908,ven
1909,tsn
1910,nso
1911,nso
1912,ven
1913,afr
1914,afr
1915,afr
1916,zul
1917,sot
1918,xho
1919,tso
1920,eng
1921,xho
1922,tsn
1923,sot
1924,zul
1925,nbl
1926,sot
1927,ven
1928,eng
1929,ven
1930,sot
1931,tsn
1932,sot
1933,ven
1934,xho
1935,zul
1936,tso
1937,tso
1938,nso
1939,afr
1940,afr
1941,tsn
1942,nso
1943,nbl
1944,nbl
1945,xho
1946,tso
1947,nso
1948,zul
1949,zul
1950,nso
1951,afr
1952,tsn
1953,nso
1954,tsn
1955,xho
1956,afr
1957,ven
1958,nbl
1959,tsn
1960,nbl
1961,tso
1962,afr
1963,tso
1964,xho
1965,tsn
1966,tso
1967,tso
1968,sot
1969,tsn
1970,afr
1971,zul
1972,sot
1973,nbl
1974,xho
1975,sot
1976,nso
1977,zul
1978,afr
1979,nso
1980,sot
1981,tsn
1982,nso
1983,nso
1984,afr
1985,zul
1986,tso
1987,tsn
1988,sot
1989,sot
1990,tso
1991,nbl
1992,tso
1993,tso
1994,nso
1995,ven
1996,ven
1997,ven
1998,eng
1999,xho
2000,xho
2001,xho
2002,ven
2003,tsn
2004,xho
2005,nso
2006,nbl
2007,tso
2008,nbl
2009,sot
2010,sot
2011,afr
2012,zul
2013,ssw
2014,afr
2015,tsn
2016,tsn
2017,xho
2018,afr
2019,tsn
2020,zul
2021,sot
2022,tsn
2023,tso
2024,zul
2025,afr
2026,xho
2027,nso
2028,nso
2029,xho
2030,tso
2031,tsn
2032,xho
2033,zul
2034,ven
2035,tsn
2036,tso
2037,sot
2038,tso
2039,xho
2040,sot
2041,afr
2042,tsn
2043,nso
2044,nso
2045,tsn
2046,nso
2047,sot
2048,nso
2049,afr
2050,afr
2051,xho
2052,eng
2053,tsn
2054,tsn
2055,tsn
2056,afr
2057,eng
2058,tsn
2059,tso
2060,afr
2061,tso
2062,nbl
2063,tso
2064,nbl
2065,eng
2066,afr
2067,zul
2068,sot
2069,sot
2070,xho
2071,xho
2072,nso
2073,sot
2074,nso
2075,ven
2076,eng
2077,afr
2078,ven
2079,nbl
2080,nbl
2081,afr
2082,sot
2083,afr
2084,eng
2085,zul
2086,xho
2087,sot
2088,tsn
2089,sot
2090,ssw
2091,nbl
2092,sot
2093,ven
2094,nbl
2095,zul
2096,sot
2097,zul
2098,ven
2099,tso
2100,sot
2101,nso
2102,nbl
2103,eng
2104,tso
2105,afr
2106,nbl
2107,zul
2108,zul
2109,tso
2110,xho
2111,xho
2112,afr
2113,zul
2114,tsn
2115,nso
2116,ven
2117,nso
2118,tso
2119,eng
2120,xho
2121,sot
2122,tso
2123,ven
2124,nbl
2125,sot
2126,afr
2127,afr
2128,tso
2129,xho
2130,tso
2131,tsn
2132,nso
2133,nso
2134,nso
2135,sot
2136,tso
2137,afr
2138,eng
2139,sot
2140,nbl
2141,nso
2142,sot
2143,ssw
2144,tso
2145,ven
2146,afr
2147,sot
2148,tso
2149,xho
2150,afr
2151,xho
2152,ven
2153,ven
2154,tsn
2155,nbl
2156,nbl
2157,xho
2158,sot
2159,tsn
2160,xho
2161,afr
2162,nso
2163,xho
2164,xho
2165,zul
2166,ven
2167,xho
2168,tso
2169,nbl
2170,nso
2171,zul
2172,xho
2173,tsn
2174,nso
2175,ven
2176,afr
2177,ven
2178,ven
2179,nso
2180,sot
2181,xho
2182,tso
2183,tso
2184,xho
2185,sot
2186,tsn
2187,tsn
2188,nbl
2189,xho
2190,nbl
2191,xho
2192,afr
2193,nso
2194,tso
2195,ven
2196,nso
2197,tso
2198,tso
2199,afr
2200,sot
2201,sot
2202,nbl
2203,tsn
2204,sot
2205,tsn
2206,nso
2207,afr
2208,nbl
2209,tsn
2210,nbl
2211,afr
2212,nbl
2213,ven
2214,sot
2215,tsn
2216,nso
2217,tso
2218,afr
2219,tsn
2220,nbl
2221,nso
2222,xho
2223,sot
2224,zul
2225,nbl
2226,sot
2227,xho
2228,nso
2229,zul
2230,afr
2231,tsn
2232,xho
2233,eng
2234,eng
2235,xho
2236,afr
2237,zul
2238,nbl
2239,tsn
2240,ssw
2241,afr
2242,ven
2243,zul
2244,nbl
2245,tsn
2246,zul
2247,xho
2248,xho
2249,afr
2250,nbl
2251,nso
2252,afr
2253,nso
2254,eng
2255,nso
2256,zul
2257,sot
2258,sot
2259,tsn
2260,nbl
2261,ven
2262,ven
2263,tsn
2264,nso
2265,afr
2266,tso
2267,sot
2268,afr
2269,ven
2270,sot
2271,sot
2272,sot
2273,tsn
2274,xho
2275,nso
2276,tsn
2277,sot
2278,afr
2279,ssw
2280,zul
2281,ven
2282,ven
2283,eng
2284,xho
2285,afr
2286,xho
2287,nso
2288,eng
2289,nso
2290,tso
2291,tso
2292,nbl
2293,xho
2294,tsn
2295,tso
2296,xho
2297,afr
2298,tsn
2299,sot
2300,ven
2301,sot
2302,afr
2303,zul
2304,tsn
2305,afr
2306,afr
2307,eng
2308,nbl
2309,tsn
2310,zul
2311,nbl
2312,sot
2313,ven
2314,sot
2315,nso
2316,afr
2317,afr
2318,xho
2319,sot
2320,afr
2321,sot
2322,sot
2323,zul
2324,tso
2325,ven
2326,afr
2327,nso
2328,ssw
2329,nbl
2330,xho
2331,nso
2332,tsn
2333,nso
2334,nso
2335,afr
2336,ven
2337,zul
2338,tsn
2339,nso
2340,afr
2341,nbl
2342,tsn
2343,sot
2344,xho
2345,nso
2346,sot
2347,ven
2348,zul
2349,tsn
2350,xho
2351,zul
2352,sot
2353,afr
2354,zul
2355,ssw
2356,nso
2357,xho
2358,ven
2359,nso
2360,tsn
2361,zul
2362,nbl
2363,tsn
2364,zul
2365,sot
2366,xho
2367,tsn
2368,nbl
2369,afr
2370,xho
2371,nso
2372,afr
2373,xho
2374,xho
2375,nbl
2376,xho
2377,afr
2378,tso
2379,afr
2380,tso
2381,ven
2382,xho
2383,eng
2384,afr
2385,nso
2386,nso
2387,ven
2388,nbl
2389,sot
2390,afr
2391,zul
2392,xho
2393,ssw
2394,nbl
2395,eng
2396,sot
2397,nso
2398,afr
2399,tso
2400,sot
2401,zul
2402,sot
2403,ven
2404,afr
2405,afr
2406,xho
2407,afr
2408,afr
2409,nso
2410,tso
2411,afr
2412,afr
2413,sot
2414,nso
2415,nso
2416,zul
2417,ven
2418,zul
2419,ven
2420,sot
2421,nbl
2422,nso
2423,tso
2424,nso
2425,afr
2426,zul
2427,afr
2428,sot
2429,nso
2430,nso
2431,tso
2432,ssw
2433,nbl
2434,nbl
2435,sot
2436,afr
2437,xho
2438,tsn
2439,zul
2440,zul
2441,sot
2442,eng
2443,xho
2444,nso
2445,xho
2446,nbl
2447,tsn
2448,sot
2449,ssw
2450,afr
2451,nso
2452,afr
2453,zul
2454,eng
2455,ven
2456,sot
2457,xho
2458,xho
2459,sot
2460,afr
2461,afr
2462,nso
2463,tsn
2464,xho
2465,afr
2466,nbl
2467,nbl
2468,afr
2469,tsn
2470,nbl
2471,afr
2472,xho
2473,ven
2474,nbl
2475,sot
2476,xho
2477,tsn
2478,tsn
2479,ven
2480,xho
2481,afr
2482,zul
2483,sot
2484,tso
2485,xho
2486,ven
2487,xho
2488,zul
2489,nbl
2490,ven
2491,xho
2492,afr
2493,sot
2494,sot
2495,tsn
2496,sot
2497,xho
2498,afr
2499,ven
2500,xho
2501,ssw
2502,ven
2503,afr
2504,eng
2505,nbl
2506,sot
2507,nbl
2508,afr
2509,zul
2510,afr
2511,eng
2512,tso
2513,tsn
2514,zul
2515,tsn
2516,tsn
2517,tso
2518,nso
2519,ssw
2520,tsn
2521,sot
2522,afr
2523,tso
2524,sot
2525,ven
2526,sot
2527,nso
2528,tso
2529,tso
2530,nbl
2531,eng
2532,afr
2533,sot
2534,nbl
2535,zul
2536,ven
2537,tsn
2538,afr
2539,tso
2540,nbl
2541,afr
2542,tsn
2543,ven
2544,eng
2545,tso
2546,sot
2547,tso
2548,ven
2549,afr
2550,xho
2551,nso
2552,tsn
2553,sot
2554,tso
2555,sot
2556,sot
2557,nso
2558,nbl
2559,ven
2560,ven
2561,tso
2562,nbl
2563,sot
2564,afr
2565,xho
2566,nso
2567,afr
2568,tsn
2569,nso
2570,ven
2571,afr
2572,ven
2573,ven
2574,ssw
2575,nbl
2576,tsn
2577,nbl
2578,eng
2579,sot
2580,tsn
2581,ven
2582,nso
2583,afr
2584,xho
2585,tso
2586,tsn
2587,sot
2588,xho
2589,ven
2590,tso
2591,ven
2592,tsn
2593,tsn
2594,xho
2595,tso
2596,xho
2597,afr
2598,xho
2599,sot
2600,ven
2601,nso
2602,eng
2603,ven
2604,afr
2605,afr
2606,eng
2607,nso
2608,tso
2609,tso
2610,nbl
2611,nso
2612,eng
2613,afr
2614,tso
2615,afr
2616,sot
2617,xho
2618,afr
2619,xho
2620,ven
2621,tsn
2622,afr
2623,afr
2624,ven
2625,nso
2626,ven
2627,ven
2628,eng
2629,afr
2630,tsn
2631,zul
2632,zul
2633,sot
2634,sot
2635,afr
2636,zul
2637,nbl
2638,nbl
2639,sot
2640,eng
2641,afr
2642,afr
2643,tsn
2644,afr
2645,nso
2646,sot
2647,sot
2648,tsn
2649,sot
2650,ven
2651,eng
2652,eng
2653,eng
2654,nbl
2655,zul
2656,ssw
2657,nbl
2658,nbl
2659,eng
2660,tsn
2661,nbl
2662,tsn
2663,nbl
2664,ven
2665,zul
2666,nso
2667,sot
2668,zul
2669,ven
2670,nso
2671,ven
2672,ven
2673,nbl
2674,nso
2675,ven
2676,tsn
2677,tso
2678,nbl
2679,xho
2680,eng
2681,afr
2682,xho
2683,sot
2684,nbl
2685,ven
2686,zul
2687,nbl
2688,sot
2689,nbl
2690,nso
2691,tso
2692,nbl
2693,xho
2694,ven
2695,ven
2696,afr
2697,zul
2698,ven
2699,sot
2700,ven
2701,nbl
2702,afr
2703,ven
2704,ven
2705,tso
2706,tsn
2707,sot
2708,sot
2709,xho
2710,afr
2711,nbl
2712,xho
2713,nbl
2714,nso
2715,nbl
2716,tsn
2717,sot
2718,sot
2719,xho
2720,afr
2721,sot
2722,tso
2723,eng
2724,nso
2725,tsn
2726,afr
2727,afr
2728,tso
2729,nbl
2730,nbl
2731,tsn
2732,sot
2733,xho
2734,ven
2735,afr
2736,tsn
2737,sot
2738,zul
2739,sot
2740,sot
2741,nso
2742,afr
2743,nso
2744,nbl
2745,nso
2746,nbl
2747,afr
2748,sot
2749,tsn
2750,nso
2751,afr
2752,tsn
2753,xho
2754,zul
2755,ven
2756,nso
2757,tsn
2758,nso
2759,afr
2760,afr
2761,afr
2762,afr
2763,zul
2764,afr
2765,tsn
2766,nso
2767,sot
2768,sot
2769,sot
2770,tso
2771,eng
2772,xho
2773,afr
2774,tsn
2775,afr
2776,tso
2777,xho
2778,afr
2779,afr
2780,tsn
2781,ssw
2782,afr
2783,nso
2784,xho
2785,afr
2786,ven
2787,eng
2788,nbl
2789,ven
2790,ven
2791,nso
2792,afr
2793,ven
2794,ven
2795,tso
2796,nso
2797,sot
2798,nso
2799,ven
2800,nso
2801,ven
2802,nbl
2803,afr
2804,xho
2805,sot
2806,sot
2807,xho
2808,xho
2809,afr
2810,sot
2811,sot
2812,eng
2813,tsn
2814,afr
2815,tsn
2816,sot
2817,eng
2818,sot
2819,tsn
2820,afr
2821,afr
2822,ssw
2823,afr
2824,tso
2825,nso
2826,sot
2827,tsn
2828,afr
2829,tso
2830,eng
2831,xho
2832,nso
2833,xho
2834,nso
2835,zul
2836,afr
2837,eng
2838,tso
2839,tsn
2840,xho
2841,nso
2842,ssw
2843,nso
2844,xho
2845,sot
2846,afr
2847,nbl
2848,afr
2849,sot
2850,sot
2851,sot
2852,sot
2853,tso
2854,ven
2855,eng
2856,nbl
2857,ven
2858,nbl
2859,tsn
2860,xho
2861,sot
2862,sot
2863,xho
2864,zul
2865,nbl
2866,nbl
2867,nbl
2868,tsn
2869,eng
2870,afr
2871,afr
2872,ven
2873,tso
2874,zul
2875,sot
2876,ven
2877,afr
2878,nso
2879,xho
2880,tsn
2881,ven
2882,nbl
2883,tso
2884,sot
2885,sot
2886,nbl
2887,tsn
2888,xho
2889,xho
2890,tso
2891,nso
2892,nso
2893,tsn
2894,zul
2895,tso
2896,xho
2897,nbl
2898,nbl
2899,afr
2900,tsn
2901,nso
2902,sot
2903,tso
2904,nbl
2905,sot
2906,nso
2907,nbl
2908,xho
2909,afr
2910,tsn
2911,nso
2912,nso
2913,afr
2914,afr
2915,ven
2916,ven
2917,nbl
2918,tso
2919,afr
2920,zul
2921,sot
2922,sot
2923,sot
2924,sot
2925,nbl
2926,afr
2927,xho
2928,eng
2929,tso
2930,nso
2931,xho
2932,eng
2933,zul
2934,nbl
2935,nso
2936,nso
2937,sot
2938,tso
2939,nso
2940,afr
2941,nso
2942,xho
2943,afr
2944,ven
2945,sot
2946,sot
2947,afr
2948,zul
2949,tso
2950,tso
2951,tso
2952,sot
2953,eng
2954,sot
2955,eng
2956,nbl
2957,xho
2958,tsn
2959,tso
2960,tsn
2961,eng
2962,afr
2963,zul
2964,afr
2965,xho
2966,ven
2967,nso
2968,xho
2969,afr
2970,tso
2971,afr
2972,nbl
2973,nso
2974,tso
2975,nso
2976,ssw
2977,tso
2978,tsn
2979,xho
2980,nso
2981,nso
2982,sot
2983,xho
2984,tso
2985,ssw
2986,nbl
2987,afr
2988,tso
2989,xho
2990,ven
2991,xho
2992,zul
2993,eng
2994,tso
2995,sot
2996,sot
2997,afr
2998,nbl
2999,tsn
3000,afr
3001,tso
3002,ssw
3003,nbl
3004,afr
3005,afr
3006,afr
3007,afr
3008,xho
3009,sot
3010,sot
3011,tso
3012,zul
3013,sot
3014,afr
3015,afr
3016,ven
3017,zul
3018,zul
3019,zul
3020,sot
3021,eng
3022,sot
3023,nbl
3024,tsn
3025,zul
3026,afr
3027,tsn
3028,nbl
3029,ven
3030,tso
3031,xho
3032,nbl
3033,xho
3034,afr
3035,sot
3036,sot
3037,xho
3038,xho
3039,xho
3040,eng
3041,afr
3042,tsn
3043,afr
3044,tso
3045,nbl
3046,zul
3047,tso
3048,nbl
3049,sot
3050,nso
3051,nso
3052,afr
3053,xho
3054,ven
3055,nso
3056,tsn
3057,nso
3058,nbl
3059,afr
3060,afr
3061,xho
3062,tso
3063,ven
3064,xho
3065,xho
3066,nso
3067,xho
3068,nso
3069,nso
3070,tsn
3071,xho
3072,afr
3073,afr
3074,zul
3075,nbl
3076,afr
3077,ven
3078,tsn
3079,nso
3080,eng
3081,ven
3082,afr
3083,eng
3084,tso
3085,nso
3086,nso
3087,sot
3088,ven
3089,xho
3090,eng
3091,nbl
3092,nso
3093,sot
3094,xho
3095,tsn
3096,ven
3097,afr
3098,xho
3099,xho
3100,nbl
3101,nso
3102,ssw
3103,eng
3104,sot
3105,tsn
3106,tso
3107,nso
3108,tsn
3109,xho
3110,tsn
3111,afr
3112,xho
3113,nbl
3114,eng
3115,sot
3116,nbl
3117,afr
3118,tso
3119,sot
3120,nbl
3121,nbl
3122,nso
3123,xho
3124,sot
3125,ven
3126,sot
3127,tsn
3128,nbl
3129,nbl
3130,zul
3131,afr
3132,ven
3133,zul
3134,eng
3135,xho
3136,tsn
3137,ssw
3138,nbl
3139,ven
3140,afr
3141,nso
3142,zul
3143,afr
3144,tso
3145,zul
3146,ssw
3147,tso
3148,afr
3149,ven
3150,nbl
3151,nso
3152,nso
3153,tsn
3154,xho
3155,ven
3156,xho
3157,afr
3158,xho
3159,nbl
3160,tso
3161,eng
3162,nbl
3163,tso
3164,nbl
3165,nso
3166,ven
3167,ven
3168,afr
3169,tso
3170,tso
3171,afr
3172,afr
3173,sot
3174,sot
3175,tsn
3176,afr
3177,ven
3178,ven
3179,nbl
3180,ven
3181,eng
3182,nbl
3183,nbl
3184,xho
3185,sot
3186,ven
3187,eng
3188,afr
3189,afr
3190,xho
3191,tsn
3192,tso
3193,xho
3194,nso
3195,xho
3196,nso
3197,xho
3198,sot
3199,zul
3200,nso
3201,sot
3202,sot
3203,eng
3204,afr
3205,tsn
3206,afr
3207,afr
3208,tso
3209,zul
3210,nso
3211,zul
3212,zul
3213,eng
3214,eng
3215,ven
3216,nbl
3217,nbl
3218,nbl
3219,ven
3220,ven
3221,xho
3222,tso
3223,ven
3224,nbl
3225,tso
3226,ven
3227,tso
3228,nso
3229,ven
3230,tsn
3231,afr
3232,afr
3233,nbl
3234,xho
3235,nso
3236,sot
3237,xho
3238,sot
3239,xho
3240,ssw
3241,nso
3242,tso
3243,tso
3244,eng
3245,zul
3246,sot
3247,zul
3248,tso
3249,ven
3250,zul
3251,nso
3252,tsn
3253,nso
3254,tsn
3255,xho
3256,ven
3257,tsn
3258,eng
3259,nso
3260,sot
3261,ven
3262,nso
3263,tso
3264,tso
3265,tsn
3266,zul
3267,ssw
3268,ven
3269,zul
3270,tso
3271,nbl
3272,ven
3273,ven
3274,afr
3275,zul
3276,nso
3277,afr
3278,xho
3279,ven
3280,nso
3281,zul
3282,afr
3283,tsn
3284,tsn
3285,afr
3286,sot
3287,xho
3288,zul
3289,nbl
3290,tsn
3291,xho
3292,ven
3293,nso
3294,nbl
3295,afr
3296,zul
3297,zul
3298,nbl
3299,nbl
3300,sot
3301,afr
3302,nso
3303,tsn
3304,afr
3305,tso
3306,eng
3307,tsn
3308,sot
3309,ven
3310,xho
3311,nso
3312,nso
3313,sot
3314,nso
3315,zul
3316,sot
3317,tsn
3318,zul
3319,afr
3320,nso
3321,zul
3322,eng
3323,sot
3324,tso
3325,afr
3326,sot
3327,nso
3328,nso
3329,xho
3330,afr
3331,afr
3332,tsn
3333,zul
3334,zul
3335,eng
3336,nbl
3337,ven
3338,afr
3339,ven
3340,tsn
3341,xho
3342,tso
3343,tsn
3344,tso
3345,ven
3346,ven
3347,tso
3348,tso
3349,tsn
3350,tso
3351,ven
3352,ven
3353,nbl
3354,tso
3355,tsn
3356,sot
3357,afr
3358,tso
3359,tsn
3360,nso
3361,nbl
3362,nbl
3363,ven
3364,tsn
3365,ven
3366,tsn
3367,xho
3368,ven
3369,tso
3370,nbl
3371,eng
3372,eng
3373,ven
3374,ven
3375,tso
3376,tso
3377,xho
3378,eng
3379,afr
3380,sot
3381,xho
3382,tsn
3383,tsn
3384,xho
3385,sot
3386,afr
3387,nbl
3388,afr
3389,tso
3390,sot
3391,xho
3392,xho
3393,tsn
3394,ven
3395,xho
3396,ven
3397,sot
3398,zul
3399,zul
3400,nso
3401,ven
3402,ven
3403,ven
3404,zul
3405,sot
3406,tso
3407,tso
3408,nbl
3409,nso
3410,zul
3411,afr
3412,eng
3413,eng
3414,afr
3415,afr
3416,xho
3417,nbl
3418,tsn
3419,nso
3420,ven
3421,tsn
3422,nbl
3423,zul
3424,nbl
3425,nso
3426,nso
3427,tsn
3428,nso
3429,xho
3430,afr
3431,zul
3432,sot
3433,nbl
3434,nso
3435,nso
3436,nbl
3437,xho
3438,afr
3439,xho
3440,tso
3441,ven
3442,ven
3443,ven
3444,ven
3445,tso
3446,sot
3447,nbl
3448,afr
3449,sot
3450,ven
3451,sot
3452,zul
3453,afr
3454,zul
3455,sot
3456,zul
3457,xho
3458,xho
3459,tsn
3460,zul
3461,xho
3462,zul
3463,eng
3464,sot
3465,afr
3466,ven
3467,afr
3468,tso
3469,sot
3470,sot
3471,zul
3472,nbl
3473,afr
3474,eng
3475,xho
3476,afr
3477,afr
3478,nso
3479,afr
3480,nso
3481,nso
3482,zul
3483,nso
3484,sot
3485,sot
3486,nbl
3487,ven
3488,nbl
3489,eng
3490,xho
3491,sot
3492,sot
3493,afr
3494,xho
3495,nso
3496,xho
3497,nso
3498,afr
3499,tsn
3500,afr
3501,zul
3502,zul
3503,zul
3504,xho
3505,tso
3506,zul
3507,ven
3508,ven
3509,sot
3510,ven
3511,tsn
3512,zul
3513,nbl
3514,tsn
3515,nso
3516,zul
3517,ven
3518,zul
3519,nso
3520,tso
3521,afr
3522,ven
3523,sot
3524,nbl
3525,tso
3526,nso
3527,zul
3528,zul
3529,nso
3530,afr
3531,ven
3532,nbl
3533,tsn
3534,ven
3535,tsn
3536,sot
3537,ven
3538,sot
3539,sot
3540,nso
3541,xho
3542,tsn
3543,ven
3544,xho
3545,tso
3546,ssw
3547,sot
3548,tsn
3549,tso
3550,eng
3551,eng
3552,zul
3553,ven
3554,zul
3555,sot
3556,xho
3557,nso
3558,sot
3559,afr
3560,sot
3561,nso
3562,afr
3563,nbl
3564,nso
3565,nso
3566,tsn
3567,afr
3568,tso
3569,sot
3570,nbl
3571,nbl
3572,nso
3573,afr
3574,tsn
3575,tsn
3576,nbl
3577,ven
3578,afr
3579,eng
3580,nso
3581,eng
3582,tsn
3583,afr
3584,tso
3585,tsn
3586,afr
3587,ven
3588,xho
3589,nbl
3590,tso
3591,tso
3592,nso
3593,ven
3594,tso
3595,tso
3596,sot
3597,tso
3598,nso
3599,afr
3600,tsn
3601,sot
3602,sot
3603,xho
3604,tso
3605,tso
3606,afr
3607,sot
3608,nbl
3609,afr
3610,nso
3611,tso
3612,eng
3613,sot
3614,afr
3615,nbl
3616,xho
3617,afr
3618,nbl
3619,afr
3620,nbl
3621,eng
3622,ven
3623,nso
3624,nbl
3625,xho
3626,sot
3627,nso
3628,afr
3629,sot
3630,tsn
3631,afr
3632,sot
3633,afr
3634,eng
3635,tso
3636,eng
3637,ssw
3638,nbl
3639,sot
3640,ven
3641,sot
3642,ssw
3643,eng
3644,afr
3645,afr
3646,tso
3647,sot
3648,xho
3649,xho
3650,eng
3651,tso
3652,nso
3653,nso
3654,tsn
3655,nbl
3656,sot
3657,nso
3658,sot
3659,ssw
3660,ven
3661,sot
3662,sot
3663,xho
3664,tsn
3665,sot
3666,nso
3667,nbl
3668,nbl
3669,ssw
3670,tso
3671,nbl
3672,tso
3673,tsn
3674,xho
3675,tsn
3676,nbl
3677,ssw
3678,zul
3679,nso
3680,ven
3681,nbl
3682,xho
3683,tsn
3684,tso
3685,eng
3686,sot
3687,tsn
3688,ven
3689,sot
3690,sot
3691,tso
3692,xho
3693,nso
3694,xho
3695,sot
3696,sot
3697,nbl
3698,nbl
3699,ven
3700,ven
3701,ven
3702,xho
3703,tso
3704,nso
3705,ven
3706,tsn
3707,zul
3708,nso
3709,afr
3710,sot
3711,zul
3712,tso
3713,eng
3714,afr
3715,ssw
3716,zul
3717,afr
3718,zul
3719,tsn
3720,afr
3721,xho
3722,zul
3723,zul
3724,afr
3725,zul
3726,afr
3727,nso
3728,afr
3729,tsn
3730,sot
3731,xho
3732,ven
3733,nbl
3734,nbl
3735,afr
3736,nso
3737,afr
3738,afr
3739,zul
3740,ven
3741,sot
3742,tsn
3743,eng
3744,sot
3745,nso
3746,nbl
3747,nbl
3748,nso
3749,nso
3750,tso
3751,ven
3752,afr
3753,nso
3754,tsn
3755,zul
3756,tsn
3757,sot
3758,sot
3759,afr
3760,nso
3761,nbl
3762,tsn
3763,ven
3764,nso
3765,nso
3766,tsn
3767,xho
3768,nbl
3769,eng
3770,nso
3771,tsn
3772,xho
3773,eng
3774,sot
3775,afr
3776,afr
3777,nbl
3778,nbl
3779,tso
3780,sot
3781,zul
3782,sot
3783,sot
3784,nso
3785,ven
3786,nbl
3787,nbl
3788,xho
3789,nbl
3790,xho
3791,afr
3792,zul
3793,nso
3794,ven
3795,afr
3796,nso
3797,tsn
3798,tsn
3799,xho
3800,ven
3801,xho
3802,afr
3803,xho
3804,eng
3805,tso
3806,tsn
3807,sot
3808,ssw
3809,ssw
3810,nso
3811,sot
3812,tsn
3813,ssw
3814,nbl
3815,xho
3816,nso
3817,nbl
3818,tsn
3819,xho
3820,nso
3821,tsn
3822,ven
3823,eng
3824,nso
3825,ven
3826,ven
3827,sot
3828,afr
3829,tsn
3830,afr
3831,zul
3832,nbl
3833,nbl
3834,nbl
3835,tsn
3836,tsn
3837,nbl
3838,afr
3839,eng
3840,tsn
3841,nso
3842,zul
3843,nso
3844,ven
3845,zul
3846,ven
3847,ven
3848,sot
3849,tsn
3850,xho
3851,tsn
3852,nso
3853,ven
3854,xho
3855,nso
3856,tsn
3857,nso
3858,afr
3859,sot
3860,tso
3861,nbl
3862,afr
3863,xho
3864,xho
3865,ssw
3866,eng
3867,afr
3868,nso
3869,ven
3870,ven
3871,tsn
3872,ven
3873,nbl
3874,xho
3875,afr
3876,eng
3877,ven
3878,nbl
3879,xho
3880,zul
3881,nso
3882,xho
3883,sot
3884,tsn
3885,sot
3886,ven
3887,sot
3888,zul
3889,nso
3890,afr
3891,xho
3892,nso
3893,sot
3894,sot
3895,nso
3896,nbl
3897,xho
3898,tso
3899,eng
3900,ven
3901,afr
3902,nso
3903,eng
3904,nso
3905,sot
3906,nso
3907,nso
3908,xho
3909,afr
3910,afr
3911,nbl
3912,xho
3913,eng
3914,xho
3915,afr
3916,sot
3917,nso
3918,sot
3919,nso
3920,tso
3921,nbl
3922,sot
3923,nso
3924,ven
3925,xho
3926,ssw
3927,nso
3928,nso
3929,afr
3930,xho
3931,afr
3932,xho
3933,sot
3934,nso
3935,sot
3936,xho
3937,nbl
3938,tso
3939,afr
3940,ven
3941,sot
3942,ven
3943,zul
3944,tso
3945,afr
3946,nso
3947,sot
3948,xho
3949,xho
3950,sot
3951,nso
3952,tso
3953,sot
3954,afr
3955,xho
3956,nbl
3957,tso
3958,afr
3959,eng
3960,zul
3961,tso
3962,zul
3963,ven
3964,nso
3965,ssw
3966,tsn
3967,sot
3968,nbl
3969,zul
3970,tsn
3971,afr
3972,nbl
3973,nso
3974,sot
3975,tso
3976,tsn
3977,nso
3978,tsn
3979,tsn
3980,nso
3981,tso
3982,ssw
3983,afr
3984,tsn
3985,sot
3986,ven
3987,zul
3988,afr
3989,tsn
3990,eng
3991,ven
3992,xho
3993,afr
3994,zul
3995,ven
3996,ven
3997,tsn
3998,zul
3999,nso
4000,ven
4001,xho
4002,ven
4003,eng
4004,ven
4005,zul
4006,nso
4007,tsn
4008,xho
4009,ven
4010,nso
4011,xho
4012,tso
4013,nbl
4014,xho
4015,tso
4016,zul
4017,xho
4018,xho
4019,zul
4020,zul
4021,xho
4022,afr
4023,nso
4024,tso
4025,nbl
4026,tsn
4027,sot
4028,nbl
4029,tso
4030,nbl
4031,sot
4032,xho
4033,afr
4034,afr
4035,nso
4036,xho
4037,afr
4038,sot
4039,nbl
4040,sot
4041,nbl
4042,nbl
4043,sot
4044,xho
4045,ven
4046,ven
4047,ven
4048,sot
4049,xho
4050,ven
4051,ven
4052,afr
4053,nbl
4054,ven
4055,tsn
4056,afr
4057,tsn
4058,zul
4059,tsn
4060,afr
4061,ven
4062,ven
4063,zul
4064,nbl
4065,sot
4066,xho
4067,zul
4068,afr
4069,tso
4070,sot
4071,nbl
4072,xho
4073,nso
4074,xho
4075,nso
4076,tsn
4077,ven
4078,xho
4079,afr
4080,sot
4081,xho
4082,afr
4083,sot
4084,nso
4085,tso
4086,afr
4087,tso
4088,sot
4089,ven
4090,tso
4091,zul
4092,tso
4093,afr
4094,tsn
4095,ven
4096,afr
4097,tsn
4098,sot
4099,afr
4100,sot
4101,sot
4102,ven
4103,xho
4104,tsn
4105,sot
4106,xho
4107,ssw
4108,afr
4109,zul
4110,nbl
4111,xho
4112,afr
4113,sot
4114,zul
4115,nbl
4116,sot
4117,nso
4118,nbl
4119,xho
4120,ven
4121,afr
4122,nso
4123,nbl
4124,eng
4125,nso
4126,zul
4127,nso
4128,sot
4129,tsn
4130,nso
4131,nso
4132,afr
4133,nso
4134,nso
4135,tso
4136,afr
4137,sot
4138,eng
4139,ssw
4140,tsn
4141,xho
4142,tso
4143,nso
4144,sot
4145,xho
4146,ven
4147,nso
4148,sot
4149,tsn
4150,afr
4151,nso
4152,xho
4153,sot
4154,sot
4155,afr
4156,afr
4157,afr
4158,xho
4159,nbl
4160,eng
4161,nbl
4162,nso
4163,zul
4164,tso
4165,tso
4166,ven
4167,tso
4168,zul
4169,nso
4170,tsn
4171,tsn
4172,eng
4173,zul
4174,nbl
4175,zul
4176,ven
4177,sot
4178,tso
4179,nso
4180,sot
4181,ven
4182,zul
4183,tso
4184,nbl
4185,nso
4186,sot
4187,tsn
4188,sot
4189,afr
4190,xho
4191,nso
4192,xho
4193,zul
4194,afr
4195,nso
4196,xho
4197,eng
4198,afr
4199,xho
4200,nso
4201,nso
4202,nso
4203,nso
4204,nbl
4205,tso
4206,ven
4207,nso
4208,tso
4209,xho
4210,ven
4211,tsn
4212,ssw
4213,zul
4214,nbl
4215,ven
4216,tso
4217,tso
4218,ven
4219,xho
4220,afr
4221,nbl
4222,zul
4223,nso
4224,nbl
4225,afr
4226,ven
4227,sot
4228,sot
4229,ven
4230,xho
4231,nbl
4232,ssw
4233,tso
4234,tsn
4235,nso
4236,afr
4237,sot
4238,tso
4239,nso
4240,afr
4241,nso
4242,ven
4243,sot
4244,tso
4245,nbl
4246,ven
4247,xho
4248,afr
4249,afr
4250,nso
4251,nso
4252,ven
4253,ven
4254,nbl
4255,ven
4256,nso
4257,nbl
4258,sot
4259,xho
4260,zul
4261,xho
4262,ven
4263,nso
4264,nbl
4265,tsn
4266,nso
4267,afr
4268,tsn
4269,xho
4270,xho
4271,afr
4272,ssw
4273,xho
4274,sot
4275,xho
4276,ven
4277,ven
4278,xho
4279,nso
4280,tsn
4281,ven
4282,sot
4283,nbl
4284,afr
4285,nbl
4286,afr
4287,ssw
4288,zul
4289,nbl
4290,zul
4291,ven
4292,nbl
4293,tso
4294,nbl
4295,xho
4296,tso
4297,nso
4298,tsn
4299,tso
4300,ven
4301,sot
4302,tsn
4303,nso
4304,nso
4305,nso
4306,afr
4307,afr
4308,afr
4309,xho
4310,tso
4311,sot
4312,sot
4313,nbl
4314,zul
4315,afr
4316,tsn
4317,tso
4318,tsn
4319,tsn
4320,eng
4321,ven
4322,tsn
4323,ven
4324,afr
4325,xho
4326,nso
4327,xho
4328,sot
4329,xho
4330,nso
4331,nbl
4332,ven
4333,nso
4334,xho
4335,nso
4336,eng
4337,sot
4338,ven
4339,sot
4340,eng
4341,nbl
4342,afr
4343,nbl
4344,sot
4345,tso
4346,xho
4347,sot
4348,xho
4349,nso
4350,afr
4351,nbl
4352,nbl
4353,afr
4354,tso
4355,nso
4356,nso
4357,tsn
4358,ven
4359,tsn
4360,afr
4361,nso
4362,sot
4363,afr
4364,eng
4365,sot
4366,afr
4367,nbl
4368,tsn
4369,nbl
4370,nso
4371,zul
4372,afr
4373,sot
4374,eng
4375,nso
4376,zul
4377,ven
4378,nso
4379,nso
4380,tsn
4381,nbl
4382,ven
4383,nbl
4384,ven
4385,xho
4386,afr
4387,tsn
4388,sot
4389,afr
4390,afr
4391,nbl
4392,nso
4393,zul
4394,eng
4395,nbl
4396,xho
4397,afr
4398,eng
4399,tso
4400,afr
4401,nso
4402,afr
4403,tsn
4404,nso
4405,afr
4406,sot
4407,nso
4408,nbl
4409,ven
4410,sot
4411,afr
4412,tso
4413,ven
4414,ven
4415,xho
4416,nso
4417,afr
4418,xho
4419,sot
4420,ssw
4421,nbl
4422,ven
4423,sot
4424,tsn
4425,nso
4426,eng
4427,ven
4428,nso
4429,ven
4430,sot
4431,nso
4432,sot
4433,afr
4434,tso
4435,afr
4436,afr
4437,tsn
4438,ven
4439,xho
4440,nbl
4441,tsn
4442,eng
4443,ven
4444,tsn
4445,nso
4446,nso
4447,zul
4448,ven
4449,sot
4450,sot
4451,tso
4452,nbl
4453,zul
4454,tso
4455,zul
4456,afr
4457,nbl
4458,zul
4459,tsn
4460,ven
4461,nso
4462,afr
4463,afr
4464,tso
4465,ven
4466,tso
4467,xho
4468,ven
4469,tso
4470,ven
4471,nbl
4472,afr
4473,tso
4474,nso
4475,afr
4476,nso
4477,xho
4478,nso
4479,xho
4480,xho
4481,xho
4482,nso
4483,nso
4484,tsn
4485,nso
4486,nbl
4487,tsn
4488,xho
4489,sot
4490,eng
4491,nso
4492,tso
4493,ven
4494,nbl
4495,afr
4496,ven
4497,ven
4498,afr
4499,ssw
4500,tsn
4501,zul
4502,ven
4503,nso
4504,tsn
4505,sot
4506,ven
4507,xho
4508,eng
4509,ven
4510,sot
4511,nbl
4512,zul
4513,xho
4514,ven
4515,nbl
4516,sot
4517,zul
4518,sot
4519,nbl
4520,tsn
4521,nso
4522,nso
4523,ven
4524,ven
4525,zul
4526,tsn
4527,sot
4528,nso
4529,ven
4530,xho
4531,sot
4532,eng
4533,tso
4534,tsn
4535,afr
4536,nso
4537,nso
4538,nbl
4539,afr
4540,eng
4541,nso
4542,afr
4543,afr
4544,sot
4545,tso
4546,tsn
4547,sot
4548,ven
4549,eng
4550,tsn
4551,zul
4552,afr
4553,sot
4554,afr
4555,zul
4556,zul
4557,tso
4558,tso
4559,nbl
4560,tsn
4561,nso
4562,nso
4563,eng
4564,sot
4565,tsn
4566,sot
4567,sot
4568,zul
4569,nbl
4570,sot
4571,tsn
4572,ven
4573,afr
4574,nbl
4575,ssw
4576,xho
4577,nbl
4578,tsn
4579,zul
4580,nbl
4581,tso
4582,tso
4583,sot
4584,sot
4585,sot
4586,tsn
4587,nbl
4588,sot
4589,tsn
4590,nso
4591,sot
4592,zul
4593,tso
4594,ven
4595,zul
4596,tsn
4597,ven
4598,eng
4599,sot
4600,afr
4601,sot
4602,ven
4603,sot
4604,tsn
4605,ven
4606,tso
4607,zul
4608,afr
4609,sot
4610,nso
4611,afr
4612,sot
4613,tso
4614,afr
4615,eng
4616,xho
4617,eng
4618,tsn
4619,tsn
4620,afr
4621,ven
4622,nbl
4623,sot
4624,tso
4625,ven
4626,xho
4627,tsn
4628,xho
4629,tso
4630,sot
4631,sot
4632,nso
4633,eng
4634,ven
4635,tsn
4636,tso
4637,ven
4638,eng
4639,tso
4640,sot
4641,tsn
4642,nso
4643,tso
4644,tso
4645,nso
4646,tsn
4647,nso
4648,nbl
4649,ven
4650,nbl
4651,zul
4652,sot
4653,ven
4654,afr
4655,tsn
4656,tso
4657,afr
4658,nbl
4659,xho
4660,xho
4661,xho
4662,zul
4663,tsn
4664,xho
4665,afr
4666,eng
4667,xho
4668,eng
4669,eng
4670,xho
4671,xho
4672,nso
4673,ven
4674,nbl
4675,xho
4676,xho
4677,xho
4678,zul
4679,sot
4680,tso
4681,xho
4682,nbl
4683,zul
4684,ven
4685,eng
4686,afr
4687,sot
4688,sot
4689,eng
4690,tso
4691,xho
4692,nbl
4693,tsn
4694,sot
4695,ven
4696,sot
4697,sot
4698,sot
4699,nbl
4700,ssw
4701,afr
4702,nbl
4703,nso
4704,xho
4705,tso
4706,xho
4707,ven
4708,sot
4709,tsn
4710,zul
4711,afr
4712,zul
4713,nso
4714,afr
4715,afr
4716,zul
4717,nso
4718,xho
4719,xho
4720,xho
4721,afr
4722,nso
4723,nso
4724,sot
4725,sot
4726,ven
4727,xho
4728,tsn
4729,sot
4730,eng
4731,nso
4732,zul
4733,nso
4734,eng
4735,zul
4736,xho
4737,tso
4738,tsn
4739,nso
4740,tso
4741,nso
4742,nso
4743,sot
4744,nbl
4745,nbl
4746,nso
4747,xho
4748,nso
4749,eng
4750,zul
4751,afr
4752,nbl
4753,sot
4754,tsn
4755,nso
4756,afr
4757,tsn
4758,afr
4759,zul
4760,sot
4761,nso
4762,nso
4763,tsn
4764,tsn
4765,tsn
4766,nso
4767,sot
4768,ven
4769,sot
4770,ven
4771,eng
4772,xho
4773,sot
4774,nbl
4775,eng
4776,nso
4777,tsn
4778,sot
4779,xho
4780,nbl
4781,nso
4782,zul
4783,tso
4784,afr
4785,afr
4786,tso
4787,nbl
4788,ven
4789,afr
4790,nso
4791,zul
4792,afr
4793,zul
4794,afr
4795,nso
4796,afr
4797,ven
4798,tso
4799,nso
4800,afr
4801,xho
4802,tsn
4803,afr
4804,eng
4805,xho
4806,eng
4807,ven
4808,nso
4809,eng
4810,afr
4811,eng
4812,xho
4813,xho
4814,zul
4815,tsn
4816,tso
4817,tso
4818,nbl
4819,sot
4820,xho
4821,zul
4822,tsn
4823,nso
4824,sot
4825,sot
4826,afr
4827,xho
4828,tsn
4829,nso
4830,xho
4831,sot
4832,nso
4833,afr
4834,ssw
4835,sot
4836,zul
4837,tsn
4838,sot
4839,xho
4840,nbl
4841,tsn
4842,sot
4843,xho
4844,xho
4845,xho
4846,ven
4847,tso
4848,afr
4849,tso
4850,nbl
4851,afr
4852,sot
4853,afr
4854,nbl
4855,tsn
4856,xho
4857,nso
4858,ven
4859,ven
4860,afr
4861,afr
4862,afr
4863,ssw
4864,nso
4865,sot
4866,xho
4867,nso
4868,xho
4869,zul
4870,afr
4871,eng
4872,sot
4873,ven
4874,xho
4875,tso
4876,zul
4877,xho
4878,ven
4879,nbl
4880,tsn
4881,eng
4882,afr
4883,nso
4884,zul
4885,sot
4886,tso
4887,zul
4888,nso
4889,sot
4890,sot
4891,xho
4892,eng
4893,nso
4894,ven
4895,zul
4896,afr
4897,nso
4898,zul
4899,nso
4900,tso
4901,eng
4902,tsn
4903,xho
4904,afr
4905,zul
4906,tso
4907,nbl
4908,sot
4909,nso
4910,nso
4911,sot
4912,sot
4913,tsn
4914,nso
4915,nso
4916,xho
4917,sot
4918,tsn
4919,zul
4920,sot
4921,afr
4922,zul
4923,tso
4924,tso
4925,afr
4926,afr
4927,ven
4928,zul
4929,nbl
4930,xho
4931,xho
4932,nbl
4933,ven
4934,nso
4935,ven
4936,eng
4937,tso
4938,zul
4939,tsn
4940,tsn
4941,tso
4942,tsn
4943,ssw
4944,eng
4945,xho
4946,ven
4947,sot
4948,tso
4949,afr
4950,xho
4951,eng
4952,afr
4953,nso
4954,ssw
4955,nso
4956,tso
4957,nso
4958,nso
4959,nbl
4960,eng
4961,tsn
4962,nbl
4963,nso
4964,afr
4965,sot
4966,sot
4967,nbl
4968,eng
4969,sot
4970,nso
4971,nso
4972,nso
4973,ven
4974,eng
4975,afr
4976,tso
4977,tso
4978,ven
4979,tsn
4980,nbl
4981,eng
4982,afr
4983,tso
4984,nso
4985,afr
4986,nso
4987,ven
4988,afr
4989,ven
4990,afr
4991,nso
4992,nso
4993,xho
4994,tsn
4995,afr
4996,tsn
4997,tsn
4998,tsn
4999,afr
5000,eng
5001,sot
5002,ven
5003,tsn
5004,sot
5005,afr
5006,sot
5007,ssw
5008,afr
5009,nbl
5010,ven
5011,zul
5012,sot
5013,ven
5014,nso
5015,ven
5016,sot
5017,zul
5018,ssw
5019,xho
5020,nso
5021,zul
5022,nbl
5023,tso
5024,zul
5025,tso
5026,nbl
5027,tsn
5028,eng
5029,tso
5030,sot
5031,ven
5032,sot
5033,afr
5034,afr
5035,nbl
5036,nbl
5037,zul
5038,eng
5039,nbl
5040,nbl
5041,nbl
5042,afr
5043,sot
5044,afr
5045,nso
5046,zul
5047,nbl
5048,xho
5049,eng
5050,sot
5051,zul
5052,sot
5053,sot
5054,tso
5055,nso
5056,zul
5057,afr
5058,xho
5059,zul
5060,afr
5061,sot
5062,xho
5063,tsn
5064,zul
5065,nbl
5066,ven
5067,sot
5068,sot
5069,tsn
5070,nso
5071,afr
5072,xho
5073,tso
5074,nbl
5075,nso
5076,afr
5077,eng
5078,afr
5079,ven
5080,afr
5081,xho
5082,tsn
5083,ssw
5084,ven
5085,tso
5086,ven
5087,sot
5088,xho
5089,xho
5090,zul
5091,afr
5092,afr
5093,zul
5094,sot
5095,afr
5096,afr
5097,ven
5098,ven
5099,afr
5100,tsn
5101,afr
5102,sot
5103,tsn
5104,tsn
5105,afr
5106,sot
5107,sot
5108,ven
5109,nso
5110,sot
5111,zul
5112,nso
5113,sot
5114,afr
5115,nbl
5116,sot
5117,nbl
5118,nso
5119,afr
5120,sot
5121,ven
5122,sot
5123,sot
5124,nso
5125,afr
5126,afr
5127,xho
5128,ssw
5129,nbl
5130,zul
5131,ssw
5132,tsn
5133,nbl
5134,tso
5135,zul
5136,afr
5137,tsn
5138,tsn
5139,xho
5140,nbl
5141,tso
5142,xho
5143,eng
5144,sot
5145,tso
5146,afr
5147,nso
5148,ven
5149,xho
5150,ssw
5151,afr
5152,tsn
5153,nso
5154,tso
5155,nbl
5156,sot
5157,sot
5158,zul
5159,eng
5160,nbl
5161,nso
5162,sot
5163,sot
5164,tso
5165,tsn
5166,nso
5167,tso
5168,afr
5169,tsn
5170,tsn
5171,nso
5172,nbl
5173,tso
5174,xho
5175,xho
5176,ven
5177,sot
5178,ven
5179,sot
5180,xho
5181,tso
5182,afr
5183,afr
5184,sot
5185,sot
5186,tso
5187,sot
5188,nso
5189,xho
5190,tsn
5191,zul
5192,tsn
5193,tsn
5194,xho
5195,ven
5196,ven
5197,afr
5198,zul
5199,sot
5200,tsn
5201,zul
5202,nso
5203,nbl
5204,afr
5205,afr
5206,afr
5207,sot
5208,nbl
5209,tso
5210,tso
5211,sot
5212,ven
5213,tso
5214,sot
5215,nso
5216,xho
5217,afr
5218,afr
5219,ven
5220,xho
5221,sot
5222,nso
5223,ven
5224,tso
5225,xho
5226,afr
5227,nso
5228,nso
5229,tso
5230,afr
5231,tso
5232,sot
5233,sot
5234,tso
5235,nso
5236,tsn
5237,nbl
5238,ven
5239,tsn
5240,nbl
5241,nso
5242,ven
5243,tsn
5244,tso
5245,zul
5246,nso
5247,xho
5248,nso
5249,xho
5250,ssw
5251,tsn
5252,ssw
5253,xho
5254,ssw
5255,ven
5256,nbl
5257,sot
5258,sot
5259,zul
5260,nso
5261,afr
5262,nbl
5263,tsn
5264,tso
5265,nso
5266,nso
5267,ven
5268,ven
5269,nso
5270,ven
5271,tsn
5272,eng
5273,nbl
5274,sot
5275,eng
5276,nso
5277,afr
5278,ven
5279,tsn
5280,afr
5281,afr
5282,nbl
5283,zul
5284,nso
5285,nso
5286,sot
5287,nbl
5288,nso
5289,tso
5290,nso
5291,nso
5292,sot
5293,nbl
5294,ven
5295,xho
5296,nbl
5297,tso
5298,nso
5299,afr
5300,nbl
5301,afr
5302,nbl
5303,ssw
5304,nbl
5305,xho
5306,eng
5307,afr
5308,nso
5309,nso
5310,sot
5311,zul
5312,tso
5313,xho
5314,xho
5315,xho
5316,afr
5317,zul
5318,sot
5319,sot
5320,zul
5321,xho
5322,eng
5323,eng
5324,afr
5325,ven
5326,tsn
5327,afr
5328,afr
5329,ven
5330,zul
5331,nbl
5332,tsn
5333,tsn
5334,nbl
5335,sot
5336,tsn
5337,afr
5338,ven
5339,xho
5340,nbl
5341,ssw
5342,zul
5343,ven
5344,sot
5345,ven
5346,nbl
5347,afr
5348,xho
5349,ven
5350,tsn
5351,nbl
5352,sot
5353,sot
5354,ssw
5355,nso
5356,xho
5357,xho
5358,zul
5359,afr
5360,afr
5361,nso
5362,xho
5363,zul
5364,nso
5365,xho
5366,sot
5367,xho
5368,ven
5369,tsn
5370,afr
5371,nso
5372,afr
5373,zul
5374,ven
5375,sot
5376,nso
5377,xho
5378,tso
5379,eng
5380,sot
5381,nso
5382,sot
5383,eng
5384,ven
5385,nbl
5386,tsn
5387,afr
5388,nso
5389,nbl
5390,ven
5391,tso
5392,sot
5393,sot
5394,tsn
5395,sot
5396,tso
5397,nso
5398,ven
5399,tsn
5400,sot
5401,nbl
5402,nso
5403,nso
5404,nso
5405,afr
5406,zul
5407,ven
5408,zul
5409,nso
5410,xho
5411,sot
5412,eng
5413,ven
5414,tsn
5415,ven
5416,ven
5417,xho
5418,tsn
5419,afr
5420,ssw
5421,nso
5422,nso
5423,tsn
5424,sot
5425,sot
5426,afr
5427,tsn
5428,tso
5429,nso
5430,nso
5431,tso
5432,afr
5433,tsn
5434,xho
5435,afr
5436,xho
5437,afr
5438,xho
5439,ven
5440,zul
5441,sot
5442,ven
5443,xho
5444,afr
5445,sot
5446,afr
5447,afr
5448,sot
5449,tsn
5450,tso
5451,ssw
5452,tso
5453,xho
5454,nso
5455,afr
5456,afr
5457,tso
5458,ven
5459,xho
5460,tsn
5461,afr
5462,ven
5463,nso
5464,zul
5465,tso
5466,sot
5467,tsn
5468,zul
5469,ven
5470,sot
5471,xho
5472,ven
5473,tsn
5474,tsn
5475,sot
5476,nbl
5477,xho
5478,sot
5479,ven
5480,nso
5481,tsn
5482,nso
5483,sot
5484,afr
5485,eng
5486,xho
5487,nbl
5488,tso
5489,afr
5490,nso
5491,nbl
5492,sot
5493,tsn
5494,ven
5495,tsn
5496,ven
5497,sot
5498,ven
5499,tso
5500,sot
5501,sot
5502,sot
5503,tsn
5504,eng
5505,nbl
5506,nso
5507,sot
5508,nso
5509,afr
5510,sot
5511,afr
5512,eng
5513,sot
5514,nso
5515,zul
5516,nbl
5517,nso
5518,tso
5519,nbl
5520,ven
5521,nso
5522,nbl
5523,nbl
5524,nbl
5525,eng
5526,ven
5527,tsn
5528,zul
5529,sot
5530,zul
5531,sot
5532,nso
5533,tsn
5534,xho
5535,afr
5536,nbl
5537,ven
5538,sot
5539,tso
5540,xho
5541,ven
5542,afr
5543,xho
5544,tsn
5545,nso
5546,ven
5547,sot
5548,xho
5549,eng
5550,afr
5551,nso
5552,sot
5553,afr
5554,nbl
5555,ven
5556,nbl
5557,nso
5558,sot
5559,nbl
5560,sot
5561,tsn
5562,sot
5563,sot
5564,afr
5565,afr
5566,nso
5567,nso
5568,tso
5569,zul
5570,ven
5571,ssw
5572,ven
5573,ven
5574,sot
5575,tsn
5576,nbl
5577,tso
5578,tso
5579,ven
5580,sot
5581,nso
5582,ssw
5583,ven
5584,zul
5585,zul
5586,sot
5587,xho
5588,tsn
5589,nso
5590,tso
5591,sot
5592,nso
5593,tsn
5594,tsn
5595,nso
5596,afr
5597,tsn
5598,nbl
5599,nso
5600,xho
5601,nbl
5602,tsn
5603,ven
5604,sot
5605,ven
5606,zul
5607,afr
5608,sot
5609,xho
5610,tsn
5611,afr
5612,tsn
5613,afr
5614,nso
5615,zul
5616,nbl
5617,ven
5618,tso
5619,ven
5620,afr
5621,sot
5622,afr
5623,tso
5624,eng
5625,ssw
5626,xho
5627,afr
5628,afr
5629,afr
5630,nso
5631,sot
5632,nbl
5633,nso
5634,nbl
5635,tso
5636,xho
5637,nbl
5638,nbl
5639,nbl
5640,tsn
5641,nso
5642,tsn
5643,xho
5644,tso
5645,afr
5646,tso
5647,tsn
5648,tso
5649,nso
5650,nbl
5651,tsn
5652,sot
5653,zul
5654,sot
5655,tsn
5656,nso
5657,zul
5658,nso
5659,zul
5660,xho
5661,tsn
5662,zul
5663,zul
5664,afr
5665,ven
5666,afr
5667,nbl
5668,nbl
5669,xho
5670,zul
5671,eng
5672,sot
5673,afr
5674,ven
5675,sot
5676,ven
5677,nso
5678,afr
5679,nso
5680,sot
5681,sot
5682,zul
